train_loss,epoch,step,val_loss
1.372237205505371,0,49,
,0,97,1.0827813148498535
1.0991419553756714,1,99,
